遊戲名稱,期別,開獎日期,銷售總額,銷售注數,總獎金,獎號1,獎號2,獎號3,獎號4,獎號5
今彩539,114000001,2025/1/1,38067300,761346,13061450,2,7,8,10,14
今彩539,114000002,2025/1/2,35607250,712145,23921700,12,26,30,32,33
今彩539,114000003,2025/1/3,36570750,731415,28155900,5,6,8,11,14
今彩539,114000004,2025/1/4,39956000,799120,36628150,8,9,12,21,23
今彩539,114000005,2025/1/6,42485850,849717,27186500,7,21,22,27,35
今彩539,114000006,2025/1/7,36877300,737546,25738950,13,23,27,31,37
今彩539,114000007,2025/1/8,40172500,803450,10521300,12,18,20,24,31
今彩539,114000008,2025/1/9,36613600,732272,18797950,2,8,19,21,29
今彩539,114000009,2025/1/10,37475650,749513,37021600,9,11,15,18,20
今彩539,114000010,2025/1/11,40435150,808703,27963500,5,12,13,19,34
今彩539,114000011,2025/1/13,42802050,856041,12408350,4,12,28,35,38
今彩539,114000012,2025/1/14,37117050,742341,16696050,10,22,31,35,36
今彩539,114000013,2025/1/15,38671150,773423,33607700,3,21,22,26,39
今彩539,114000014,2025/1/16,36551200,731024,27632850,9,13,23,29,34
今彩539,114000015,2025/1/17,38185700,763714,19972350,4,7,8,24,26
今彩539,114000016,2025/1/18,41159400,823188,35096500,7,12,18,35,39
今彩539,114000017,2025/1/20,43505000,870100,18254700,3,12,19,32,34
今彩539,114000018,2025/1/21,37794950,755899,16897850,1,14,18,19,22
今彩539,114000019,2025/1/22,41183650,823673,9778600,6,19,23,26,30
今彩539,114000020,2025/1/23,38322900,766458,18176950,4,7,17,22,35
今彩539,114000021,2025/1/24,40236500,804730,36370100,5,9,12,14,31
今彩539,114000022,2025/1/25,39843300,796866,17603100,1,7,32,36,37
今彩539,114000023,2025/1/26,27378000,547560,8681150,7,8,9,17,20
今彩539,114000024,2025/1/27,39350700,787014,9974300,1,6,16,26,31
今彩539,114000025,2025/1/28,44243650,884873,11898600,13,22,23,24,35
今彩539,114000026,2025/1/29,48694350,973887,23500450,4,11,25,31,32
今彩539,114000027,2025/1/30,47458650,949173,38188950,9,11,14,18,27
今彩539,114000028,2025/1/31,45929950,918599,37198100,1,5,9,14,26
今彩539,114000029,2025/2/1,47089400,941788,38904000,1,10,23,32,37
今彩539,114000030,2025/2/2,39829750,796595,17554550,9,16,29,32,39
今彩539,114000031,2025/2/3,41128050,822561,17792050,4,16,21,23,37
今彩539,114000032,2025/2/4,41924650,838493,10019950,1,8,16,19,31
今彩539,114000033,2025/2/5,41703000,834060,19334250,6,7,8,14,39
今彩539,114000034,2025/2/6,41732800,834656,27039700,3,7,22,29,34
今彩539,114000035,2025/2/7,40532550,810651,16423000,16,21,26,29,37
今彩539,114000036,2025/2/8,37738550,754771,19356400,8,24,28,37,38
今彩539,114000037,2025/2/9,28702100,574042,7990700,4,5,27,35,37
今彩539,114000038,2025/2/10,40588250,811765,18473300,12,22,26,28,35
今彩539,114000039,2025/2/11,40881250,817625,9703050,10,18,19,27,28
今彩539,114000040,2025/2/12,40149950,802999,9592550,2,6,19,28,29
今彩539,114000041,2025/2/13,38961650,779233,31837700,2,7,11,20,30
今彩539,114000042,2025/2/14,41840400,836808,34067400,11,17,29,34,39
今彩539,114000043,2025/2/15,43777900,875558,28416850,6,8,10,21,26
今彩539,114000044,2025/2/17,49282600,985652,29542350,9,15,29,30,39
今彩539,114000045,2025/2/18,38360050,767201,10140650,10,12,13,19,33
今彩539,114000046,2025/2/19,43864100,877282,19458400,3,27,28,33,38
今彩539,114000047,2025/2/20,44686950,893739,21164150,3,7,17,24,27
今彩539,114000048,2025/2/21,39697450,793949,18432650,11,13,18,30,35
今彩539,114000049,2025/2/22,42267600,845352,38608150,4,7,11,19,22
今彩539,114000050,2025/2/24,51256050,1025121,14988050,8,17,18,24,36
今彩539,114000051,2025/2/25,40267300,805346,35390850,5,11,26,33,35
今彩539,114000052,2025/2/26,45459000,909180,37564500,3,11,24,27,36
今彩539,114000053,2025/2/27,42813250,856265,28993700,11,12,20,28,29
今彩539,114000054,2025/2/28,40850500,817010,18366750,5,27,31,38,39
今彩539,114000055,2025/3/1,47633350,952667,11242100,4,16,29,31,34
今彩539,114000056,2025/3/3,46401600,928032,31625700,8,9,12,22,27
今彩539,114000057,2025/3/4,34594350,691887,10713250,11,18,21,23,36
今彩539,114000058,2025/3/5,42618500,852370,17006450,15,23,29,36,39
今彩539,114000059,2025/3/6,37468800,749376,10012500,8,12,15,18,34
今彩539,114000060,2025/3/7,39159600,783192,19727750,9,10,19,33,35
今彩539,114000061,2025/3/8,42593600,851872,27183450,17,23,24,27,35
今彩539,114000062,2025/3/10,46271250,925425,42575550,2,4,7,25,37
今彩539,114000063,2025/3/11,38737050,774741,24879300,2,21,24,27,31
今彩539,114000064,2025/3/12,42271650,845433,11012850,6,14,27,30,33
今彩539,114000065,2025/3/13,35771400,715428,20123500,3,4,7,11,30
今彩539,114000066,2025/3/14,38488400,769768,21686750,6,8,18,19,28
今彩539,114000067,2025/3/15,38826450,776529,9776050,8,15,25,26,34
今彩539,114000068,2025/3/17,41576250,831525,12129100,7,11,13,26,30
今彩539,114000069,2025/3/18,36124450,722489,16961500,3,13,15,19,25
今彩539,114000070,2025/3/19,40124200,802484,8652200,11,15,25,29,34
今彩539,114000071,2025/3/20,37722900,754458,10423150,2,16,17,27,32
今彩539,114000072,2025/3/21,37882700,757654,12069450,5,9,15,20,26
今彩539,114000073,2025/3/22,40199050,803981,17228550,5,13,16,24,28
今彩539,114000074,2025/3/24,41815900,836318,10435850,7,25,32,34,35
今彩539,114000075,2025/3/25,36076550,721531,9676600,4,20,24,27,38
今彩539,114000076,2025/3/26,38922750,778455,27715600,1,10,12,32,35
今彩539,114000077,2025/3/27,35490600,709812,33565000,5,25,33,36,37
今彩539,114000078,2025/3/28,35833050,716661,7630000,13,24,25,36,39
今彩539,114000079,2025/3/29,37535150,750703,20817300,4,9,12,17,27
今彩539,114000080,2025/3/31,36675400,733508,27123900,7,10,13,23,26
今彩539,114000081,2025/4/1,34779000,695580,16964800,5,13,17,19,31
今彩539,114000082,2025/4/2,40351000,807020,13519050,4,8,29,32,34
今彩539,114000083,2025/4/3,35725050,714501,8241950,5,16,23,31,39
今彩539,114000084,2025/4/4,34533850,690677,18992700,3,6,7,36,38
今彩539,114000085,2025/4/5,36684100,733682,10855150,12,13,14,15,24
今彩539,114000086,2025/4/7,41911500,838230,18053000,1,6,19,26,33
今彩539,114000087,2025/4/8,36074150,721483,8085000,6,17,18,19,32
今彩539,114000088,2025/4/9,39487750,789755,25939100,4,6,14,24,35
今彩539,114000089,2025/4/10,35366150,707323,16038300,14,19,22,26,28
今彩539,114000090,2025/4/11,36904600,738092,9923050,15,17,26,27,35
今彩539,114000091,2025/4/12,40323950,806479,12482100,9,11,15,25,31
今彩539,114000092,2025/4/14,40994100,819882,14838800,9,10,22,30,33
今彩539,114000093,2025/4/15,35800700,716014,18238700,2,3,16,27,39
今彩539,114000094,2025/4/16,38491200,769824,18497350,7,22,25,29,38
今彩539,114000095,2025/4/17,35298700,705974,12351650,3,6,23,24,37
今彩539,114000096,2025/4/18,36004300,720086,24969600,7,24,28,31,36
今彩539,114000097,2025/4/19,37782400,755648,9801900,14,19,21,26,36
今彩539,114000098,2025/4/21,39287500,785750,26748700,2,6,12,14,24
今彩539,114000099,2025/4/22,33857900,677158,19093850,8,19,23,27,31
今彩539,114000100,2025/4/23,36975900,739518,16210050,1,16,19,27,33
今彩539,114000101,2025/4/24,33475650,669513,10668800,4,6,25,29,35
今彩539,114000102,2025/4/25,34531100,690622,32903700,1,5,24,33,36
今彩539,114000103,2025/4/26,36306950,726139,34558200,20,23,32,35,38
今彩539,114000104,2025/4/28,38312000,766240,9702700,6,12,17,38,39
今彩539,114000105,2025/4/29,34274200,685484,33666750,1,7,13,18,35
今彩539,114000106,2025/4/30,38632700,772654,9661300,22,26,30,31,38
今彩539,114000107,2025/5/1,34969200,699384,19229050,8,19,25,27,39
今彩539,114000108,2025/5/2,35534650,710693,22758800,5,12,20,24,28
今彩539,114000109,2025/5/3,37564600,751292,26890350,1,10,19,27,31
今彩539,114000110,2025/5/5,39700100,794002,42952100,4,5,8,10,11
今彩539,114000111,2025/5/6,34564650,691293,25251100,6,11,18,37,39
今彩539,114000112,2025/5/7,35330750,706615,43108500,7,9,21,28,38
今彩539,114000113,2025/5/8,36492650,729853,16343600,7,10,26,28,33
今彩539,114000114,2025/5/9,35701150,714023,17334050,4,11,19,21,34
今彩539,114000115,2025/5/10,36443150,728863,18828750,6,9,20,27,36
今彩539,114000116,2025/5/12,39601850,792037,20852100,8,10,26,27,38
今彩539,114000117,2025/5/13,35387450,707749,17064350,4,10,20,23,29
今彩539,114000118,2025/5/14,37811300,756226,33514150,1,14,18,24,38
今彩539,114000119,2025/5/15,35213650,704273,18818650,2,4,15,25,36
今彩539,114000120,2025/5/16,35444250,708885,33055000,2,13,24,27,39
今彩539,114000121,2025/5/17,35626050,712521,17828100,3,9,24,30,39
今彩539,114000122,2025/5/19,38518700,770374,28300100,4,7,14,25,35
今彩539,114000123,2025/5/20,33520850,670417,9616750,10,22,23,26,38
今彩539,114000124,2025/5/21,36283200,725664,23891850,10,16,31,34,38
今彩539,114000125,2025/5/22,33482200,669644,27398650,1,8,17,21,35
今彩539,114000126,2025/5/23,33708200,674164,8553350,13,16,24,27,32
今彩539,114000127,2025/5/24,33689800,673796,9341350,14,18,29,35,36
今彩539,114000128,2025/5/26,37097250,741945,17502850,8,15,21,24,34
今彩539,114000129,2025/5/27,33212750,664255,17297350,4,8,23,33,38
今彩539,114000130,2025/5/28,35714150,714283,16245600,9,13,15,24,33
今彩539,114000131,2025/5/29,31843200,636864,7653000,4,18,28,30,31
今彩539,114000132,2025/5/30,34154900,683098,8713100,14,20,21,34,35
今彩539,114000133,2025/5/31,37609700,752194,7885900,14,18,20,29,35
今彩539,114000134,2025/6/2,37903300,758066,20118850,2,7,11,16,21
今彩539,114000135,2025/6/3,30527050,610541,6582550,7,20,21,25,34
今彩539,114000136,2025/6/4,34550150,691003,6919550,20,30,33,36,38
今彩539,114000137,2025/6/5,34741400,694828,25920050,7,14,19,35,39
今彩539,114000138,2025/6/6,34636300,692726,8044800,2,12,14,25,30
今彩539,114000139,2025/6/7,35599450,711989,18509100,4,16,22,23,32
今彩539,114000140,2025/6/9,39986800,799736,11152250,8,20,27,29,30
今彩539,114000141,2025/6/10,33775000,675500,17090850,7,12,16,29,38
今彩539,114000142,2025/6/11,36893550,737871,18127950,4,17,19,21,31
今彩539,114000143,2025/6/12,35281300,705626,7963150,11,14,15,19,32
今彩539,114000144,2025/6/13,31349700,626994,33887000,4,5,10,12,38
今彩539,114000145,2025/6/14,36765850,735317,26181350,2,15,17,23,37
今彩539,114000146,2025/6/16,40179500,803590,30563250,6,8,9,33,36
今彩539,114000147,2025/6/17,33159950,663199,16211800,2,12,14,26,37
今彩539,114000148,2025/6/18,36122050,722441,9390550,7,12,23,26,36
今彩539,114000149,2025/6/19,36486750,729735,17632600,12,14,15,17,24
今彩539,114000150,2025/6/20,33571050,671421,10587750,2,5,8,17,24
今彩539,114000151,2025/6/21,35585750,711715,17369300,3,8,15,24,39
今彩539,114000152,2025/6/23,40696100,813922,9923400,3,14,22,31,38
今彩539,114000153,2025/6/24,32390450,647809,26214100,1,10,12,20,31
今彩539,114000154,2025/6/25,35657500,713150,11259250,2,11,28,30,37
今彩539,114000155,2025/6/26,37249550,744991,27386900,1,6,13,24,29
今彩539,114000156,2025/6/27,33146900,662938,8201550,3,4,10,19,37
今彩539,114000157,2025/6/28,36430700,728614,17311550,12,22,29,33,34
今彩539,114000158,2025/6/30,37859350,757187,22736650,7,8,11,23,31
今彩539,114000159,2025/7/1,33561250,671225,17930400,6,8,11,19,38
今彩539,114000160,2025/7/2,36159300,723186,9169500,6,13,21,24,38
今彩539,114000161,2025/7/3,33214800,664296,8117400,10,21,22,26,27
今彩539,114000162,2025/7/4,33718950,674379,7962300,5,24,31,36,39
今彩539,114000163,2025/7/5,35660150,713203,18942700,8,14,22,24,35
今彩539,114000164,2025/7/7,34115350,682307,9788400,14,25,27,35,38
今彩539,114000165,2025/7/8,33058950,661179,8469100,3,4,24,27,33
今彩539,114000166,2025/7/9,32554450,651089,9082300,13,18,27,28,37
今彩539,114000167,2025/7/10,31987700,639754,7106100,2,3,4,34,36
今彩539,114000168,2025/7/11,34676250,693525,10758600,9,26,37,38,39
今彩539,114000169,2025/7/12,35829100,716582,7938150,3,19,20,21,26
今彩539,114000170,2025/7/14,37409800,748196,21536050,8,11,12,29,36
今彩539,114000171,2025/7/15,33342400,666848,25618250,9,16,21,22,38
今彩539,114000172,2025/7/16,35631900,712638,36470250,15,18,24,31,32
今彩539,114000173,2025/7/17,33612950,672259,25718200,4,6,11,29,37
今彩539,114000174,2025/7/18,34525600,690512,18883100,12,21,22,38,39
今彩539,114000175,2025/7/19,34465400,689308,21235450,7,11,14,26,27
今彩539,114000176,2025/7/21,35721150,714423,9130100,1,6,11,22,34
今彩539,114000177,2025/7/22,34840450,696809,23489400,19,21,27,32,39
今彩539,114000178,2025/7/23,36124100,722482,25182500,16,18,23,36,39
今彩539,114000179,2025/7/24,32585850,651717,32377400,2,6,9,29,32
今彩539,114000180,2025/7/25,32997550,659951,40039600,5,7,10,26,30
今彩539,114000181,2025/7/26,35285900,705718,8064550,14,15,18,23,29
今彩539,114000182,2025/7/28,34758150,695163,24567450,4,16,22,23,30
今彩539,114000183,2025/7/29,32478500,649570,9557800,1,6,10,13,27
今彩539,114000184,2025/7/30,35263150,705263,23905250,17,22,24,30,32
今彩539,114000185,2025/7/31,32895550,657911,9132300,11,12,17,34,36
今彩539,114000186,2025/8/1,33866600,677332,15307700,2,13,18,33,34
今彩539,114000187,2025/8/2,34071000,681420,20348800,3,14,22,25,31
今彩539,114000188,2025/8/4,36167600,723352,7974000,3,21,23,25,26
今彩539,114000189,2025/8/5,34366500,687330,15596700,13,20,21,32,37
今彩539,114000190,2025/8/6,37647400,752948,13479300,6,10,24,28,38
今彩539,114000191,2025/8/7,36067850,721357,33634450,10,20,28,30,37
今彩539,114000192,2025/8/8,36911750,738235,17213150,11,25,27,30,34
今彩539,114000193,2025/8/9,38021100,760422,9819550,1,9,27,29,30
今彩539,114000194,2025/8/11,39099100,781982,33873650,1,14,22,26,28
今彩539,114000195,2025/8/12,34891000,697820,16716150,1,9,17,25,30
今彩539,114000196,2025/8/13,32764350,655287,17829150,11,23,26,32,34
今彩539,114000197,2025/8/14,34447350,688947,18769400,10,12,14,31,35
今彩539,114000198,2025/8/15,35988900,719778,25397300,1,5,16,18,26
今彩539,114000199,2025/8/16,37156600,743132,9317500,15,18,22,24,31
今彩539,114000200,2025/8/18,37888300,757766,28158650,9,12,18,27,29
今彩539,114000201,2025/8/19,33898950,677979,7769900,6,7,18,31,35
今彩539,114000202,2025/8/20,35920950,718419,7647600,15,18,29,31,39
今彩539,114000203,2025/8/21,33988100,679762,15845100,16,27,28,29,33
今彩539,114000204,2025/8/22,34551150,691023,10717650,6,7,21,37,38
今彩539,114000205,2025/8/23,36506200,730124,12308000,4,5,8,27,39
今彩539,114000206,2025/8/25,37913100,758262,11777750,6,12,15,23,26
今彩539,114000207,2025/8/26,32700800,654016,8237300,2,5,24,38,39
今彩539,114000208,2025/8/27,36564000,731280,33422650,3,5,28,30,32
今彩539,114000209,2025/8/28,33703600,674072,33360450,5,7,21,23,29
今彩539,114000210,2025/8/29,35186750,703735,8450350,7,20,21,30,38
今彩539,114000211,2025/8/30,36467450,729349,26296850,4,5,7,13,14
今彩539,114000212,2025/9/1,37801050,756021,7827150,21,24,28,29,35
今彩539,114000213,2025/9/2,33237650,664753,36472650,5,8,10,23,25
今彩539,114000214,2025/9/3,36813900,736278,8810350,14,15,20,21,23
今彩539,114000215,2025/9/4,33678400,673568,35044000,6,7,24,27,34
今彩539,114000216,2025/9/5,35836600,716732,9642850,7,9,29,32,38
今彩539,114000217,2025/9/6,37519400,750388,35793850,8,14,25,28,31
今彩539,114000218,2025/9/8,38497500,769950,27877500,7,11,20,28,38
今彩539,114000219,2025/9/9,34997800,699956,17534700,8,20,23,25,26
今彩539,114000220,2025/9/10,37870150,757403,17102850,12,14,16,28,39
今彩539,114000221,2025/9/11,34796950,695939,25480050,6,18,26,28,36
今彩539,114000222,2025/9/12,35751700,715034,26117650,9,12,16,26,34
今彩539,114000223,2025/9/13,37735750,754715,16333900,2,25,32,35,36
今彩539,114000224,2025/9/15,38222550,764451,38363300,7,9,10,12,28
今彩539,114000225,2025/9/16,34695950,693919,25524300,2,9,19,21,33
今彩539,114000226,2025/9/17,36882250,737645,28563450,4,6,7,12,38
今彩539,114000227,2025/9/18,33720100,674402,25063250,5,12,14,23,33
今彩539,114000228,2025/9/19,34183000,683660,10885550,2,11,22,24,31
今彩539,114000229,2025/9/20,37132750,742655,28373550,5,8,11,13,22
今彩539,114000230,2025/9/22,37600400,752008,44695097,7,9,12,14,33
今彩539,114000231,2025/9/23,31723350,634467,7185750,6,19,20,33,37
今彩539,114000232,2025/9/24,36702850,734057,25054800,4,22,23,35,39
今彩539,114000233,2025/9/25,33987250,679745,17173200,2,10,13,28,32
今彩539,114000234,2025/9/26,35340300,706806,28698000,3,7,14,25,34
今彩539,114000235,2025/9/27,36732600,734652,16624000,3,11,13,28,37
今彩539,114000236,2025/9/29,36859550,737191,16112450,3,15,21,29,37
今彩539,114000237,2025/9/30,34214700,684294,24308700,14,20,21,28,33
今彩539,114000238,2025/10/1,37134850,742697,12555850,3,5,12,22,27
今彩539,114000239,2025/10/2,34640600,692812,8608550,10,19,25,36,39
今彩539,114000240,2025/10/3,36582650,731653,32864900,10,16,19,21,28
今彩539,114000241,2025/10/4,38063300,761266,9155000,3,4,10,18,39
今彩539,114000242,2025/10/6,40623650,812473,20536100,3,5,6,12,13
今彩539,114000243,2025/10/7,35512250,710245,8323650,1,16,20,28,34
今彩539,114000244,2025/10/8,38126400,762528,12196850,3,9,26,38,39
今彩539,114000245,2025/10/9,36057200,721144,26275500,2,4,12,15,29
今彩539,114000246,2025/10/10,35748450,714969,17573150,3,6,24,31,36
今彩539,114000247,2025/10/11,37597200,751944,25387950,4,9,19,22,34
今彩539,114000248,2025/10/13,39275900,785518,35061350,8,13,14,22,36
今彩539,114000249,2025/10/14,35196800,703936,10684750,4,5,9,18,24
今彩539,114000250,2025/10/15,37903200,758064,8912300,4,7,19,33,39
今彩539,114000251,2025/10/16,34597200,691944,7536350,4,18,21,30,37
今彩539,114000252,2025/10/17,35545200,710904,15710850,1,21,31,32,34
今彩539,114000253,2025/10/18,36872700,737454,28586650,2,17,32,35,38
今彩539,114000254,2025/10/20,34632750,692655,10533200,6,13,22,23,27
今彩539,114000255,2025/10/21,31624300,632486,6436100,13,22,30,37,38
今彩539,114000256,2025/10/22,34002850,680057,13178250,3,4,20,25,28
今彩539,114000257,2025/10/23,33279150,665583,16288850,8,15,27,37,38
今彩539,114000258,2025/10/24,33122450,662449,8918150,8,11,13,37,38
今彩539,114000259,2025/10/25,35970000,719400,34603900,3,4,11,21,34
今彩539,114000260,2025/10/27,37431200,748624,24880900,3,20,26,31,37
今彩539,114000261,2025/10/28,32522550,650451,6884700,18,20,25,29,31
今彩539,114000262,2025/10/29,36962050,739241,9312450,26,32,33,36,39
今彩539,114000263,2025/10/30,33368700,667374,8928450,5,27,28,31,37
今彩539,114000264,2025/10/31,35884900,717698,33473350,11,18,25,26,33
今彩539,114000265,2025/11/1,37560100,751202,29366650,8,12,19,27,28
今彩539,114000266,2025/11/3,37880650,757613,33780700,24,25,34,36,37
今彩539,114000267,2025/11/4,34298700,685974,10124300,1,7,12,29,39
今彩539,114000268,2025/11/5,37695700,753914,16989500,11,14,15,27,39
今彩539,114000269,2025/11/6,34862750,697255,23909200,7,24,28,31,32
今彩539,114000270,2025/11/7,36594600,731892,8157900,22,27,30,32,37
今彩539,114000271,2025/11/8,37328500,746570,12332650,7,8,9,26,34
今彩539,114000272,2025/11/10,36977300,739546,33213800,7,14,15,17,30
今彩539,114000273,2025/11/11,33633750,672675,23530500,5,19,31,34,39
今彩539,114000274,2025/11/12,35705200,714104,17757850,1,4,9,14,22
今彩539,114000275,2025/11/13,33590050,671801,28167150,13,18,20,23,36
今彩539,114000276,2025/11/14,38764650,775293,12201550,2,11,15,37,38
今彩539,114000277,2025/11/15,39964200,799284,36925400,12,20,25,28,29
今彩539,114000278,2025/11/17,40484400,809688,19512150,4,7,16,26,29
今彩539,114000279,2025/11/18,35233350,704667,25246850,14,24,31,36,37
今彩539,114000280,2025/11/19,39251000,785020,26931750,3,11,20,28,31
今彩539,114000281,2025/11/20,36864950,737299,17563050,1,5,33,36,38
今彩539,114000282,2025/11/21,37611700,752234,20106500,5,10,17,28,35
今彩539,114000283,2025/11/22,40177800,803556,17133700,10,13,32,33,37
今彩539,114000284,2025/11/24,41626200,832524,17940300,2,4,5,17,31
今彩539,114000285,2025/11/25,36284350,725687,18454900,9,30,36,38,39
今彩539,114000286,2025/11/26,39610450,792209,38836400,7,13,26,28,34
今彩539,114000287,2025/11/27,36051450,721029,25290700,7,19,22,25,28
今彩539,114000288,2025/11/28,37404300,748086,18559250,8,13,14,22,28
今彩539,114000289,2025/11/29,39963500,799270,26114000,8,27,30,33,36
今彩539,114000290,2025/12/1,41495650,829913,20357700,2,3,4,20,24
今彩539,114000291,2025/12/2,36555400,731108,10971400,2,5,8,13,29
今彩539,114000292,2025/12/3,39166500,783330,26631150,5,9,14,33,35
今彩539,114000293,2025/12/4,36601700,732034,9980600,1,7,20,25,37
今彩539,114000294,2025/12/5,37895550,757911,32653150,2,3,16,17,29
今彩539,114000295,2025/12/6,40190600,803812,13654550,6,22,23,24,32
今彩539,114000296,2025/12/8,42175600,843512,36979000,5,23,27,28,31
今彩539,114000297,2025/12/9,37076200,741524,19394050,7,8,15,30,39
今彩539,114000298,2025/12/10,42001050,840021,37179150,4,7,11,16,26
今彩539,114000299,2025/12/11,38481450,769629,18236900,2,6,17,25,26
今彩539,114000300,2025/12/12,38548350,770967,9955850,10,24,26,28,35
今彩539,114000301,2025/12/13,39218200,784364,11064700,2,9,21,31,38
今彩539,114000302,2025/12/15,41253100,825062,26701050,3,17,27,29,38
今彩539,114000303,2025/12/16,36857950,737159,8093700,2,10,14,33,35
今彩539,114000304,2025/12/17,40331450,806629,21652050,5,6,7,19,32
今彩539,114000305,2025/12/18,37567550,751351,8760750,4,9,32,33,36
今彩539,114000306,2025/12/19,37843450,756869,11914800,12,16,23,27,30
今彩539,114000307,2025/12/20,39446450,788929,17833700,1,5,16,35,38
今彩539,114000308,2025/12/22,43266400,865328,11203700,2,22,24,27,38
今彩539,114000309,2025/12/23,38186950,763739,24699750,9,22,24,30,35
今彩539,114000310,2025/12/24,40496950,809939,9855200,2,3,14,25,30
今彩539,114000311,2025/12/25,34665350,693307,8752500,14,18,28,36,39
今彩539,114000312,2025/12/26,35874650,717493,17590550,1,10,20,27,36
今彩539,114000313,2025/12/27,38387550,767751,9564350,1,15,19,28,38
今彩539,114000314,2025/12/29,40914100,818282,40006650,5,10,13,29,37
今彩539,114000315,2025/12/30,36326150,726523,11620500,11,12,24,27,33
今彩539,114000316,2025/12/31,42771800,855436,28459650,8,10,11,26,35
